22,start_server,1234982738235
d552fe6c6280c2adb3e41575e538ff72,main_server_start,1656452684437
00c7cdb8eca96537ab2dffeae4903e82,main_server_start,1656452706982
4de10ac44fa3f2b9a3486edbecb7d4d2,main_server_start,1656452887165
d9aa102afed8f66d4aa03e1961f0c5f7,main_server_start,1656452895400
70dd54ffe671dbef4377cb8e405fc14b,main_server_start,1656452932874
70dd54ffe671dbef4377cb8e405fc14b,analytics_server_start,1656452933275
e2ba6c0ad3f5e5dac3342c7592eaf5d8,main_server_start,1656452946713
e2ba6c0ad3f5e5dac3342c7592eaf5d8,analytics_server_start,1656452947054
d0be6fecf28fb39044643d3b2ead6702,main_server_start,1656452965192
d0be6fecf28fb39044643d3b2ead6702,analytics_server_start,1656452965486
5b03f5fcf039c6c56fd3de85693ed957,main_server_start,1656452968616
5b03f5fcf039c6c56fd3de85693ed957,analytics_server_start,1656452968851
17ee1b2f4691a70ae1535e8198ce1ca7,main_server_start,1656491168564
6b32d9b78e6898a2c8309f7673520703,main_server_start,1656492304859
17c8aaa20691a6c953de6d4486f21235,main_server_start,1656492432799
5e010658df9fe9b37347a865b9b7fcb4,main_server_start,1656492723567
a354b1e5e8ec42517f03ff31bf75f628,main_server_start,1656493262853
d9c19b3ada6a50a7a0a33d5d564e74d0,main_server_start,1656493440446
056a96f4a445b8d817dad7ecfa9d667d,main_server_start,1656493534516
